"diseases","day 1","day 2","day 3","day 4","day 5","day 6","day 7","day 8","day 9","day 10","day 11","day 12","day 13","day 14","day 15","day 16","day 17","day 18","day 19","day 20","day 21","day 22","day 23","day 24","day 25","day 26","day 27","day 28","day 29","day 30","day 31","day 32","day 33","day 34","day 35","day 36","day 37","day 38","day 39","day 40","day 41","day 42","day 43","day 44","day 45","day 46","day 47","day 48","day 49","day 50","day 51","day 52","day 53","day 54","day 55","day 56","day 57","day 58","day 59","day 60","day 61","day 62","day 63","day 64","day 65","day 66","day 67","day 68","day 69","day 70","day 71","day 72","day 73","day 74","day 75","day 76","day 77","day 78","day 79","day 80","day 81","day 82","day 83","day 84","day 85","day 86","day 87","day 88","day 89","day 90","day 91"
"West Nile Virus",37,22,11,34,20,19,11,33,0,7,34,43,79.5,64,57,13,8,21,59,128,168,123,32,29,37,51,91,99,75,43,4,1,78.5,117,130,96,62,12,39,14,75,60,32,7,0,0,47,23,54,48,9,0,19,7,51,50,11,3,25,33,29,45,51,19,3,0,25,26,44,27,15,9,3,26,9,47,13,9,3,6,27,14,3,56,5,6,0,5,8,18,7
"Dengue",29,29,10,108,39,60,42,98,38,33,113,61,25,69,50,23,9,116,40,45,38,70,24,35,51,228,51,51,45,14,22,100,78,48,75,47,26,30,100,49,68,33,32,26,40,122,56,53,43,34,78,37,55,81,43,59,46,38,93,46,43,73,81,101,18,41,28,76,107,39,48,45,30,100,41,126,54,26,18,66,100,63,24,68,53,24,3,15,123,50,27
"Rabies",6,2,8,7,6,5,4,13,5,2,0,11,7,21,15,3,0,11,15,14,6,7,0,0,5,19,11,12,7,0,0,2,7,2,6,3,0,2,6,6,13,6,2,3,3,9,4,7,7,8,5,3,9,6,11,17,8,3,11,0,8,5,6,3,0,3,6,9,5,4,9,3,0,6,3,2,0,15,3,0,6,9,2,0,1,27,0,3,0,3,3
"Tuberculosis",0,2,3,2,0,6,6,3,0,6,7,0,0,3,0,0,3,0,0,11,0,0,0,0,5,0,0,3,2,0,0,5,0,0,7,0,0,0,2,0,0,0,0,0,0,0,0,5,6,6,3,7,3,0,2,0,0,0,1,7,0,0,0,3,3,0,0,0,6,0,3,4,0,0,10,3,9,5,3,0,0,6,3,0,0,6,0,0,0,0,3
"Respiratory Illness",7,0,3,3,0,3,0,1,0,2,2,0,0,0,0,0,0,0,0,3,0,0,0,0,0,0,0,0,0,0,0,1,0,0,0,0,0,0,0,0,0,0,0,0,0,0,0,0,0,6,1,0,0,12,9,7,2,0,0,3,1,6,1,3,0,0,0,0,1,0,4,0,0,0,0,1,0,0,0,0,0,4,3,0,0,0,1,0,0,0,0
"Meningitis",0,0,0,3,7,3,0,3,0,0,8,7,3,6,8,6,3,6,9,3,0,3,0,0,3,3,0,3,6,0,0,0,0,16,16,5,0,7,10,16,17,7,12,3,4,9,3,6,3,3,0,3,3,18,6,3,9,6,11,16,11,61,117,247,181,174,154,224,370,228,134,140,140,124,243,110,113,168,106,37,62,80,96,65,51,30,13,45,39,49,10
"Not Yet Classified",9,1,3,8,12,6,15,8,6,3,5,13,9,6,11,3,11,2,2,3,70,33,3,1,0,5,8,8,4,1,3,13,4,0,20,19,13,28,5,5,4,3,19,11,4,2,0,1,0,3,0,0,1,5,0,0,0,3,4,3,1,1,0,2,4,0,3,3,0,5,0,1,2,0,1,1,1,3,1,0,3,8,3,5,3,0,0,3,2,4,0
"Poisoning",3,3,3,7,9,9,0,0,0,3,6,3,0,6,1,0,0,0,6,0,9,0,0,0,5,3,3,3,3,3,3,0,0,0,2,0,0,0,0,27,14,6,0,0,3,0,12,0,2,0,0,3,3,3,6,0,0,0,2,3,0,3,0,0,0,0,0,9,7,0,0,3,0,0,6,6,0,0,1,0,3,6,4,3,3,1,0,4,3,10,0
"Pests",0,0,0,0,3,0,0,4,0,0,0,3,0,0,0,0,0,3,3,0,0,0,0,0,0,0,0,0,2,0,0,0,0,0,2,2,3,0,0,0,0,6,9,0,0,0,0,0,0,2,3,3,0,2,0,13,12,0,2,3,0,3,0,0,0,0,2,3,0,0,0,0,0,1,1,1,2,4,0,0,2,4,0,0,0,0,0,0,0,2,0
"Measles",4,0,0,6,11,0,5,0,3,18,3,6,0,0,0,0,0,1,0,3,3,6,18,3,2,3,4,3,9,3,24,3,0,0,6,3,0,0,0,8,10,3,5,0,4,0,3,3,10,41,9,3,0,0,0,3,0,26,4,0,6,3,6,0,0,3,4,3,4,6,24,3,9,0,0,0,3,12,3,16,0,3,0,6,0,0,0,0,0,0,0
"Listeriosis",0,0,0,29,4,12,0,1,1,2,0,15,7,0,1,10,0,0,2,9,2,0,0,2,0,3,0,0,12,0,2,0,0,0,0,3,0,0,0,64,16,0,0,0,0,20,26,30,4,4,2,3,0,10,0,2,0,0,2,2,0,2,0,14,0,0,14,0,0,4,3,0,3,2,0,23,3,0,0,0,0,0,0,0,0,3,0,0,1,0,0
"Legionnaires'",14,0,3,8,3,0,9,2,0,0,3,0,0,3,2,0,0,4,10,7,14,8,8,4,15,8,5,13,11,14,19,14,11,4,0,7,0,3,11,14,7,6,11,0,3,3,3,11,2,3,6,4,0,0,0,0,3,0,0,0,0,0,3,3,0,3,3,0,0,6,0,2,3,6,9,0,0,3,0,0,0,0,0,5,0,0,0,0,0,0,0
"Pneumonia",0,0,0,0,0,0,0,0,0,0,0,0,0,7,0,0,0,0,0,0,3,0,0,0,3,3,0,3,0,0,0,0,0,0,0,0,0,3,0,0,2,3,0,3,0,0,0,0,3,0,3,3,3,6,3,0,3,3,0,6,0,4,0,0,0,0,0,0,0,0,0,0,0,0,0,0,0,0,0,0,0,0,0,0,0,0,0,6,0,0,0
"Influenza",71,6,9,7,9,2,15,3,0,0,9,0,6,3,5,84,0,18,3,12,0,0,0,0,4,7,2,3,59,14,3,3,9,0,0,3,3,0,4,0,4,3,0,8,2,0,3,0,0,9,3,0,3,12,10,0,70,15,3,0,3,16,12,0,0,0,19,6,7,5,10,9,0,16,3,5,6,16,9,0,1,5,15,21,9,0,3,0,5,9,0
"BSE",0,0,3,0,0,0,0,0,0,0,0,0,0,0,0,0,0,0,0,0,0,0,0,0,0,0,0,0,0,0,0,0,0,0,0,0,0,0,0,0,0,0,0,0,0,0,0,0,0,0,0,16,0,0,0,0,4,0,0,0,0,0,0,0,0,0,0,0,0,0,0,0,0,0,0,0,0,0,0,0,0,0,0,0,0,0,0,0,0,0,0
"Swine Flu H1N1",20,3,42,39,45,13,25,19,5,5,26,23,24,35,7,11,13,34,13,10,38,14,12,0,9,13,22,19,4,9,6,16,4,20,15,5,7,15,24,11,9,9,23,14,9,12,6,19,18,3,5,3,0,39,22,14,6,0,2,4,3,18,0,13,12,3,0,3,8,3,0,3,0,3,6,0,3,3,5,3,0,0,0,0,0,0,0,0,0,0,2
"Gastroenteritis",7,4,12,13,7,3,8,3,6,4,10,1,3,8,4,0,3,3,3,4,15,10,13,3,12,12,6,0,6,0,0,7,0,5,1,1,1,3,6,6,8,5,3,2,0,0,0,3,3,8,6,3,12,3,4,12,30,43,20,25,9,10,8,12,14,4,14,6,0,9,7,8,0,0,6,13,13,3,2,5,1,6,1,6,2,0,0,2,0,0,0
"Other Plant Disease",0,0,0,3,0,0,3,0,0,0,0,4,0,0,3,0,0,3,0,2,0,2,2,0,0,6,0,12,2,0,0,5,0,0,9,2,0,0,0,5,0,0,3,0,0,3,6,0,9,3,0,0,2,0,0,0,0,0,3,3,0,0,6,0,0,0,3,0,0,2,2,0,0,3,0,0,0,3,0,0,4,0,3,0,2,0,0,1,0,0,0
"Malaria",4,3,3,0,4,3,0,0,6,0,3,6,0,0,0,0,3,5,12,0,3,2,6,0,0,12,3,0,9,0,3,3,6,3,0,2,0,3,0,3,2,2,2,12,15,3,0,3,10,2,3,0,3,0,7,0,9,0,0,0,0,0,3,0,0,0,3,3,3,6,3,10,0,3,3,11,0,0,3,3,0,1,3,4,3,5,0,6,0,0,12
"Cholera",17,13,6,6,11,12,29,18,23,4,12,71,4,32,27,55,47,108,73,58,67,13,22,16,27,71,22,105,31,16,16,20,7,43,19,15,9,8,7,14,16,2,9,14,9,3,40,16,53,24,0,0,11,16,25,23,8,0,0,8,0,22,4,3,8,0,27,79,140,40,17,49,116,20,35,14,30,7,0,3,33,0,5,0,7,0,4,15,5,17,5
"St. Louis Encephalitis",0,0,0,0,0,0,0,0,0,0,0,0,0,0,0,0,0,0,0,0,0,0,0,0,0,0,0,0,0,0,0,0,0,0,0,0,0,0,0,0,0,0,0,0,0,0,0,0,0,0,0,0,0,0,0,0,0,0,0,0,0,0,0,0,0,0,0,0,0,0,0,0,0,0,0,0,0,0,0,0,0,0,0,0,0,0,0,0,0,3,0
"Diarrhea",0,0,3,6,6,0,0,3,2,3,3,3,0,0,17,3,3,3,3,7,3,6,0,15,0,0,6,6,3,3,6,12,17,0,7,0,0,0,0,0,0,0,3,0,3,0,5,0,3,3,3,0,3,0,6,3,3,0,0,3,4,0,0,3,6,0,0,0,4,0,0,0,0,0,3,6,9,0,6,4,6,3,3,0,0,0,0,0,0,3,3
"Yellow Fever",0,0,0,0,0,0,0,0,0,0,0,0,0,0,0,0,0,0,0,4,0,0,0,0,0,0,0,6,3,0,0,6,0,3,0,0,0,0,0,0,0,3,0,0,0,0,0,0,0,0,0,0,0,0,0,0,0,0,0,0,0,0,0,0,0,0,0,0,0,0,0,0,0,0,0,0,0,9,3,0,3,6,0,0,3,0,0,0,3,9,0
"Melioidosis",0,0,0,0,0,0,0,0,0,0,0,2,0,0,0,0,0,0,0,0,0,0,0,0,0,0,0,0,0,0,0,0,0,0,0,0,0,0,0,0,0,0,0,0,0,0,0,0,0,0,0,0,0,0,0,0,0,0,0,0,0,0,0,0,0,2,0,0,0,0,0,0,0,0,6,0,0,0,0,0,0,0,0,0,0,0,0,0,0,0,0
"Other Human Disease",0,0,0,0,0,0,0,4,0,0,3,0,0,0,0,0,0,0,3,15,0,0,0,0,0,0,0,0,0,0,0,0,0,3,0,0,0,0,8,0,0,0,0,0,0,0,3,0,3,0,0,4,0,0,3,3,0,0,3,0,0,0,0,0,0,0,3,0,1,0,0,0,0,0,0,0,0,0,0,3,0,0,0,0,3,0,0,0,0,0,0
"Avian Influenza",5,0,0,3,42,30,3,41,36,16,13,0,6,0,21,10,0,3,16,12,3,6,0,3,7,9,0,3,2,3,0,3,7,13,23,6,2,3,3,6,3,4,29,9,3,15,89,71,7,0,3,0,0,6,3,6,3,0,0,0,0,3,12,9,0,0,6,0,3,3,0,0,9,7,3,0,15,13,0,3,0,0,9,3,12,2,9,8,1,3,0
"HIV/AIDS",0,0,0,0,0,0,0,0,0,0,0,3,12,0,0,0,0,0,0,18,3,3,9,0,3,0,0,0,3,0,0,0,0,3,0,0,0,0,3,0,9,3,12,0,0,0,0,0,0,0,0,0,0,0,6,0,3,0,0,0,0,0,0,4,0,0,0,3,3,0,0,0,0,0,9,0,18,3,4,0,0,0,0,0,0,0,0,0,0,0,0
"Undiagnosed",3,1,0,0,8,3,3,6,0,0,3,0,6,0,0,0,0,0,0,0,15,9,4,3,0,4,0,0,6,0,5,0,8,0,0,2,0,0,0,0,0,5,3,6,0,0,0,0,0,0,0,0,0,0,0,4,2,0,0,0,0,0,0,0,0,0,0,3,3,0,0,0,0,0,0,6,6,3,0,3,3,9,0,0,3,0,4,3,0,0,0
"Leptospirosis",0,0,0,0,0,0,0,2,0,0,0,3,3,0,0,0,0,0,0,0,0,0,0,0,0,0,0,0,0,0,0,3,3,3,0,0,0,0,0,0,0,0,0,0,0,0,0,0,0,0,0,0,0,0,4,0,0,0,0,0,0,0,0,0,0,0,0,0,0,0,0,0,0,0,0,0,0,0,0,0,0,0,0,3,0,0,0,0,0,4,0
"Hantavirus",0,0,6,0,0,0,6,3,7,0,0,7,0,8,0,4,6,0,0,0,0,3,0,0,4,8,10,14,20,24,18,36,17,30,33,31,11,4,15,4,4,4,15,7,0,3,0,3,0,0,0,0,0,0,0,0,0,0,0,0,0,6,0,0,0,0,0,3,0,6,4,3,3,0,0,0,0,0,0,3,0,6,0,0,0,6,3,6,6,0,0
"Whooping Cough",6,3,2,3,6,1,12,12,3,6,11,18,12,9,4,9,0,27,13,10,19,13,3,2,3,10,19,15,6,20,3,3,10,9,24,21,20,3,11,16,7,15,27,6,6,6,22,10,10,15,3,3,7,21,10,10,6,9,0,12,12,9,3,3,9,0,7,0,15,6,0,0,0,9,3,17,3,6,9,0,6,14,6,15,0,0,0,7,7,3,0
"Trichinosis",0,0,0,0,0,0,0,0,0,0,0,0,0,0,0,3,0,0,0,0,0,6,3,3,3,3,0,0,0,3,3,0,0,0,0,0,0,0,0,0,0,3,0,0,0,0,0,0,0,0,0,0,0,0,0,0,0,0,0,0,0,0,0,0,0,3,0,0,0,0,0,0,0,0,0,0,0,0,0,0,0,1,0,6,3,0,0,0,0,0,0
"E. coli",0,0,0,0,0,0,0,0,3,0,7,4,3,0,8,16.5,30,13,6,12,0,9,0,0,3,3,9,0,0,0,2,1,3,10,0,3,0,0,0,6,0,0,10,3,0,22,4,4,6,26,12,1,6,22,27,2,12,0,2,11,16,6,3,3,42,0,18,11,16,9,16,15,7,10,45,14,9,12,7,7,22,30,11,3,7,3,3,6,0,0,0
"Equine Influenza",0,0,0,0,0,0,0,0,0,0,0,0,0,3,0,0,0,0,0,0,0,0,0,0,0,0,0,0,0,0,0,0,0,0,0,0,0,0,0,0,0,0,0,0,0,0,0,0,0,0,0,0,3,0,0,0,0,0,0,0,0,0,0,0,0,0,0,0,0,0,0,0,0,0,0,0,0,0,0,0,0,0,0,0,0,0,0,0,0,0,0
"Fever",0,0,0,0,0,0,0,3,0,0,0,2,3,7,0,0,0,0,3,0,12,0,0,0,0,0,3,3,0,0,3,5,0,6,0,0,0,0,0,0,0,0,0,3,3,0,0,0,0,0,0,0,0,0,0,0,0,0,0,0,0,0,0,0,0,0,0,0,0,0,0,0,0,0,0,0,3,0,0,0,2,0,0,0,0,0,0,1,0,3,0
"Polio",0,0,0,0,0,4,0,12,0,0,0,2,8,0,0,0,0,0,0,5,0,8,0,4,0,0,0,7,0,4,4,0,4,0,0,0,5,4,0,27,37,0,8,0,0,0,0,0,10,0,0,14,0,0,11,0,4,9,0,4,0,0,15,0,0,0,0,0,0,6,8,0,0,0,0,4,0,12,3,2,0,0,6,3,0,0,0,0,3,0,0
"Lassa Fever",0,0,0,0,0,0,0,0,0,0,0,0,0,0,0,0,0,0,0,0,0,0,0,0,0,0,0,0,0,0,0,0,0,0,0,0,0,3,2,0,3,0,0,0,0,0,0,0,0,0,0,0,0,0,0,0,0,0,0,0,0,0,0,0,0,0,0,0,0,0,0,0,0,0,0,0,0,0,0,0,0,0,0,0,0,0,0,0,0,0,0
"Norovirus",0,0,0,0,3,0,0,0,0,0,5,1,0,0,0,5,3,0,3,6,8,6,0,3,3,3,0,0,0,0,0,0,3,3,3,4,0,3,0,0,0,0,5,2,0,0,3,0,3,3,0,0,0,6,0,0,19,11,6,2,19,7,9,0,10,3,2,3,3,2,6,0,0,12,9,13,12,5,3,0,15,3,6,24,5,0,0,9,5,2,3
"Salmonella",0,3,0,27,15,32,6,24,0,0,3,10,4,8,28,23,15,25,30,31,28,26,2,0,10,37,36,15,30,2,15,4,10,8,23,34,3,0,3,16,7,0,27,0,0,0,13,6,3,7,26,3,47,22,12,41,10,2,30,29,18,27,13,6,8,0,7,30,15,8,15,16,24,14,20,4,28,8,10,10,19,14,9,7,5,0,0,12,5,3,0
"Coronavirus",0,0,0,0,0,0,0,0,0,0,0,0,0,0,0,0,0,0,0,0,0,0,0,0,0,0,0,0,0,0,0,0,0,0,0,0,0,0,0,0,0,0,0,0,0,0,0,0,5,0,3,38,26,31,55,40,44,39,28,6,4,6,7,0,0,3,30,6,15,6,3,0,0,0,0,3,0,6,0,0,3,0,0,0,0,0,0,0,0,0,0
"Schmallenberg",0,0,0,3,2,0,0,0,0,0,60,9,3,4,0,0,0,0,0,0,0,0,0,3,0,2,0,0,0,0,0,0,0,0,0,6,0,0,0,0,0,0,2,0,0,0,0,0,0,0,0,0,0,4,6,0,0,0,0,3,0,0,0,3,0,0,0,6,0,3,4,2,0,0,3,11,0,0,0,0,0,0,0,0,1,0,0,2,3,4,0
"Typhoid",0,0,0,0,0,2,0,6,0,0,0,3,0,3,0,0,0,3,0,2,7,4,2,0,3,0,0,0,2,0,0,0,0,0,0,0,3,0,0,0,0,0,2,0,0,0,6,0,0,3,0,0,0,0,0,0,0,0,0,0,3,3,4,0,3,0,5,0,1,0,0,3,4,8,0,3.5,0,0,0,0,0,0,0,0,6,3,0,0,3,0,0
"SARS",0,0,0,0,0,0,0,0,0,0,4,0,0,0,0,0,0,0,0,0,0,0,0,0,0,0,0,0,0,0,0,0,0,0,0,0,0,0,0,0,0,0,0,0,0,0,0,0,0,0,0,10,33,23,15,0,0,12,0,8,0,0,0,0,0,0,0,0,0,4,0,0,0,0,0,0,0,0,0,0,0,0,0,0,0,0,0,0,0,0,0
"Bovine TB",0,0,0,0,0,2,0,0,0,0,2,0,0,0,3,0,0,0,0,0,0,3,0,0,0,0,0,0,0,0,0,0,0,0,0,0,0,0,0,0,0,0,0,0,0,4,0,0,0,0,0,0,0,0,0,1,0,0,0,0,0,0,0,0,0,0,0,0,0,0,0,0,0,0,6,0,0,0,0,0,0,0,0,0,0,0,0,0,0,0,0
"Toxoplasmosis",0,0,0,0,0,0,0,0,0,0,0,0,0,0,0,0,0,0,0,0,0,0,0,0,0,0,0,0,0,0,0,0,0,0,3,0,0,0,0,0,0,0,0,0,0,0,0,0,0,0,0,0,0,0,0,0,0,0,0,0,0,0,0,0,0,0,0,0,0,0,0,0,0,0,0,0,0,0,0,0,0,0,0,0,0,0,0,0,0,0,0
"C. difficile",0,0,0,0,0,0,0,0,0,0,0,0,4,0,0,0,0,0,0,0,5,0,0,0,6,0,0,0,0,0,0,0,0,0,0,0,0,0,0,3,0,0,0,0,0,0,4,0,0,0,0,0,0,0,0,0,0,0,0,12,0,0,0,0,0,0,0,0,0,0,0,0,0,0,0,0,0,0,0,0,0,0,0,0,0,0,0,0,0,0,0
"Anthrax",3,3,0,0,4,3,56,14,0,6,142,240,166,139,93,24,48,34,0,3,21,6,11,22,24,49,8,30,15,17,0,3,4,16,11,3,0,0,13,0,0,0,0,3,0,0,3,5,0,6,0,0,6,0,2,0,5,0,0,0,0,3,0,0,0,0,15,6,16,0,0,0,0,0,0,4,0,0,8,3,9,4,4,4,7,0,0,0,7,10,0
"CJD",0,0,0,0,0,0,12,0,0,0,0,0,0,0,0,0,0,0,0,0,0,0,0,0,0,0,0,0,0,0,0,0,0,0,4,0,0,0,0,0,0,0,0,0,0,0,0,0,0,0,0,0,0,0,0,0,0,0,0,0,0,0,0,4,0,0,0,0,0,0,0,0,0,0,0,0,0,0,0,0,0,0,0,0,0,0,0,0,0,0,0
"Bovine Pleuropneumonia",0,0,0,0,0,0,0,0,0,0,0,0,0,0,0,0,0,0,0,0,0,0,0,0,0,0,0,0,0,0,0,0,0,0,0,0,0,0,0,0,0,0,0,0,0,0,0,0,0,0,0,0,0,0,0,6,0,6,0,0,3,0,0,0,0,0,0,0,0,0,0,0,0,0,0,0,4,0,0,0,0,0,0,0,0,0,0,0,0,0,0
"Waterborne Illness",4,1,4,8,7,6,10,3,6,3,11,6,8,6,10,6,6,18,19,13,12,2,6,8,9,5,6,17,9,8,3,3,5,5,13,4,1,9,7.5,11,8,13,4,3,4,4,10,8,13,15,2,2,5,4,10,2,5,2,2,7,6,11,4,4,3,3,5,12,7,5,5,1,3,3,7,7,10,5,2,1,2,6,12,2,0,1,5,15,9,4,0
"Babesiosis",0,0,0,0,0,0,0,3,0,0,0,0,0,0,2,0,0,0,0,0,0,0,0,0,0,0,0,0,0,0,0,0,0,0,0,0,0,0,0,0,0,0,0,0,0,0,3,0,0,0,0,0,0,0,0,0,0,0,0,0,0,0,0,0,0,0,0,0,0,0,0,0,0,0,0,0,0,0,0,0,6,0,9,0,0,4,0,0,0,0,0
"MRSA",0,0,0,0,0,0,0,0,0,0,0,0,0,0,0,0,0,0,0,0,0,3,0,0,0,3,0,3,0,0,0,0,0,0,0,3,0,0,0,3,3,0,3,0,2,0,0,0,6,3,0,0,0,0,0,3,0,0,0,0,0,0,3,0,0,0,0,3,9,0,0,6,0,0,0,0,0,0,0,0,0,6,3,0,0,0,0,0,0,0,0
"Mycobacteria, non-TB",0,0,0,0,0,0,0,0,0,0,0,0,0,0,0,0,0,0,0,3,3,23,0,12,0,0,0,0,0,0,0,0,0,0,0,0,0,0,0,0,0,0,0,0,0,0,0,0,0,0,0,0,0,0,0,0,0,0,0,0,0,0,0,0,0,0,0,0,0,0,0,0,0,0,0,0,0,0,0,0,0,0,0,0,0,0,0,0,0,0,0
"Lyme Disease",0,0,0,0,3,0,0,0,2,0,1,0,0,0,0,0,0,3,0,0,0,3,0,0,0,0,0,0,0,0,0,2,0,0,0,0,0,3,3,0,0,3,0,0,0,3,0,0,0,0,0,0,0,0,0,0,0,0,0,0,0,0,0,2,0,0,3,0,0,0,0,0,0,0,0,0,0,0,0,0,0,0,0,0,0,0,0,0,0,0,0
"Parvovirus",3,0,0,0,0,0,0,0,0,0,0,0,0,0,0,0,0,3,0,0,0,0,0,0,0,0,0,0,0,0,0,0,0,3,0,0,0,0,0,3,3,0,0,0,0,5,3,0,0,3,0,2,0,0,3,0,0,0,0,0,0,0,0,3,0,0,0,0,0,0,0,0,0,0,0,0,0,0,0,0,0,0,0,0,0,0,0,0,0,3,3
"Other Animal Disease",6,0,3,0,4,0,3,0,3,0,0,0,3,3,11,0,0,0,0,0,0,9,9,0,0,6,6,5,9,0,6,0,0,0,3,3,0,4,0,3,0,3,3,0,0,6,6,5,0,0,0,0,24,3,4,0,3,0,0,0,6,0,6,5,3,0,0,0,6,3,6,3,3,0,0,0,3,9,0,6,0,3,0,6,0,0,0,0,0,0,0
"Valley Fever",0,0,0,0,0,0,0,0,0,0,0,0,0,0,0,0,0,0,0,0,0,0,0,0,0,0,3,0,0,0,0,2,0,0,2,6,0,0,0,2,0,0,0,2,0,0,0,3,0,0,0,2,0,0,0,0,0,0,0,0,0,0,0,0,0,0,0,0,0,0,0,0,3,0,0,0,0,0,0,0,0,0,0,0,0,0,0,0,0,0,0
"Campylobacter",0,0,0,0,0,0,0,0,0,0,0,0,0,3,3,0,0,0,0,0,0,0,0,0,0,0,0,0,0,0,0,0,0,0,2,0,0,0,0,0,0,0,0,0,0,0,0,3,0,0,0,0,0,0,0,0,0,0,0,0,0,0,0,2,0,0,0,0,0,0,0,0,0,0,4,0,0,0,0,0,0,0,0,0,0,0,0,0,0,0,0
"Botulism",0,0,0,9,3,6,0,0,0,0,0,0,3,0,0,0,0,0,0,5,6,6,3,0,0,2,3,0,0,0,0,0,0,3,3,0,0,0,0,0,2,0,0,0,0,6,0,0,3,0,3,0,0,6,0,0,0,0,0,0,0,0,0,3,0,0,0,0,0,0,0,0,0,0,0,0,1,3,0,0,3,0,3,0,0,0,0,0,0,0,0
"Hand, Foot and Mouth Disease",5,3,3,9,6,11,3,3,3,0,12,6,3,9,0,3,0,0,3,0,3,6,0,0,0,3,0,6,3,0,0,0,4,4,1,0,0,0,0,3,3,3,0,0,3,0,3,2,0,6,0,0,0,3,1,3,0,3,0,0,3,3,0,0,0,0,3,0,0,6,0,0,0,0,0,3,0,3,0,0,0,0,0,0,0,18,19,6,3,3,0
"Syphilis",0,0,3,3,3,5,0,3,0,0,0,0,3,0,3,3,3,3,4,13,9,0,3,0,0,3,0,3,0,3,0,0,3,0,0,3,0,0,3,0,3,0,0,0,0,3,0,0,0,3,0,0,0,0,10,6,0,3,0,3,0,0,0,0,0,0,0,0,0,0,0,0,0,0,0,0,3,3,0,0,0,0,0,0,0,0,0,0,0,0,0
"Hepatitis A",0,0,3,0,0,0,0,0,0,0,0,0,3,0,3,0,0,3,9,3,0,0,3,0,0,6,0,0,0,0,0,6,3,9,0,3,3,0,0,0,0,3,0,3,6,6,0,3,0,3,0,3,0,0,0,4,0,0,0,6,3,0,0,0,0,0,0,0,0,0,0,0,0,0,0,0,0,0,2,3,0,0,3,0,0,3,0,3,0,1,0
"Otitis media",0,0,0,0,0,0,0,0,0,0,0,0,0,0,0,0,0,0,0,0,0,0,0,0,0,0,0,0,0,0,0,0,0,0,0,0,0,0,0,0,0,0,0,0,0,0,0,0,0,0,0,0,0,0,2,0,0,0,0,0,0,0,0,0,0,0,0,0,0,0,0,0,0,0,0,0,0,0,0,0,0,0,0,0,0,0,0,0,0,0,0
"Chicken Pox",5,0,0,0,0,0,0,0,0,0,0,0,0,0,0,0,0,0,0,0,3,0,3,4,3,0,0,0,3,0,0,3,3,0,0,0,0,0,9,0,3,3,3,0,0,4,3,0,3,9,0,0,0,0,0,0,6,0,0,9,3,0,0,0,0,3,0,0,2,0,0,0,0,0,0,3,8,0,3,0,8,5,0,14,8,6,6,3,3,0,0
"Cryptosporidium",0,0,0,0,0,0,3,0,3,0,0,0,0,0,0,0,0,0,0,0,0,0,0,0,0,0,0,0,0,0,0,0,0,0,0,0,0,0,3,3,0,0,0,5,0,0,0,0,0,0,0,0,0,0,0,3,0,0,0,0,0,0,0,0,0,0,0,0,0,0,0,3,0,0,0,0,0,0,0,0,0,0,0,0,0,0,0,0,0,0,0
"Swine Flu H3N2",13,6,0,3,0,12,49,63,8,0,6,6,7,39,24,4,10,26,16,0,7.5,0,0,11,0,0,9,13,15,13,6,4,4,0,0,0,0,0,0,3,3,3,9,0,0,10,9,0,0,0,0,3,0,0,0,3,11,0,6,0,0,0,0,0,0,0,0,0,0,0,0,0,0,0,0,0,0,0,0,0,0,0,0,0,2,3,0,3,0,0,0
"Fungal Meningitis",0,0,0,0,0,0,0,0,0,0,0,0,0,0,0,0,0,0,0,0,0,0,0,0,0,0,0,0,0,0,0,0,0,0,0,0,0,0,0,0,0,0,0,0,0,0,0,0,0,0,0,0,0,0,0,0,0,0,0,0,6,0,16,18,0,5,2,1,0,0,0,0,0,0,0,3,0,3,0,0,0,3,3,0,0,0,0,0,0,0,0
"Encephalitis",0,0,0,0,0,0,0,0,0,3,0,6,0,0,0,0,0,0,0,3,0,0,0,0,0,0,0,0,3,0,0,3,0,0,0,3,0,0,0,3,7,0,0,0,4,0,0,0,0,3,0,0,0,0,0,0,0,0,0,0,0,0,8,3,0,0,0,0,0,0,0,0,3,3,6,0,3,6,0,0,0,3,0,0,0,0,0,0,0,0,0
"Aspergillosis",0,0,0,0,0,0,0,0,0,0,0,0,0,0,0,0,0,0,0,0,0,0,0,0,0,0,0,0,0,0,0,0,0,0,3,0,0,0,0,2,0,0,0,0,0,0,0,0,0,0,0,0,0,0,0,0,0,0,0,0,0,0,0,3,7,0,0,0,0,4,0,0,0,0,0,0,0,0,0,0,0,0,0,0,0,0,0,0,0,0,0
"Eastern Equine Encephalitis",0,2,0,0,0,1,8,0,0,2,4,2,0,12,9,0,3,6,9,8,5,10,1,6,2,2,10,3,3,4,6,3,12,8,8,3,7,3,8,8,8,5,6,6,0,6,8,7,14,3,0,0,3,0,9,2,0,0,1,2,0,8,0,5,0,0,0,0,0,0,0,0,0,0,0,0,0,0,0,0,0,1,0,0,0,0,0,0,0,0,0
"White nose syndrome",0,0,0,0,0,0,0,0,0,0,0,0,0,0,0,0,0,0,0,0,0,0,0,0,0,0,0,0,0,0,0,0,0,0,0,0,0,0,0,0,0,0,0,0,0,0,0,0,0,0,0,0,0,0,0,0,0,0,0,0,4,0,0,0,0,0,0,0,0,0,0,0,0,0,0,0,0,0,0,0,0,0,0,0,0,0,0,0,0,0,0
"Gonorrhea",0,0,0,0,0,0,3,0,0,0,0,0,0,0,0,0,0,0,0,0,3,0,0,0,0,0,0,0,0,0,0,0,0,0,0,0,0,0,0,0,0,0,0,0,0,0,0,0,0,0,0,3,0,0,0,0,0,0,0,0,2,0,0,0,0,0,0,0,0,0,0,0,0,0,2,0,0,0,0,0,0,0,0,0,3,0,0,0,0,0,0
"HFM-CoxsackieA",0,0,0,0,3,0,0,0,0,0,0,3,0,3,0,0,0,0,0,0,0,3,0,0,0,0,0,0,0,0,0,0,0,0,0,0,0,0,0,0,0,0,0,0,0,2,2,0,0,0,0,0,3,0,0,0,0,0,0,0,0,0,0,0,0,0,0,0,0,0,0,0,0,0,0,3,0,0,0,0,0,0,0,0,0,0,0,0,0,0,0
"Antibiotic resistance",0,0,0,0,0,0,0,0,0,0,0,0,0,0,0,0,0,4,0,3,0,0,0,0,0,0,0,0,0,0,0,0,2,0,0,0,0,0,0,0,0,0,3,13,9,3,0,0,0,0,0,0,4,4,0,3,0,0,0,3,0,0,0,0,0,0,0,0,0,0,0,0,0,0,0,0,0,0,0,0,0,0,0,0,0,0,0,0,0,0,0
"Epizootic Hemorrhagic Disease",6,0,6,0,0,1,3,3,0,0,3,0,0,9,3,3,0,0,3,2,15,9,6,7,3,0,8,54,6,0,30,0,17,12,3,3,15,0,3,11,0,0,28,0,3,0,11,9,14,3,3,6,3,6,3,14,0,24,0,42,2,9,0,0,0,3,6,0,3,6,0,0,2,0,0,0,3,0,0,0,0,9,0,0,0,0,0,0,0,0,0
"Foodborne Illness",0,8,2,0,0,0,0,0,0,0,5,3,3,5,0,0,3,15,6,0,9,9,6,0,6,6,3,9,4,0,9,3,1,2,3,0,0,0,0,0,9,4,0,6,4,0,3,6,3,3,6,3,10,0,0,2,2,0,0,0,3,0,0,11,14,0,6,0,0,3,0,10,5,0,0,0,0,6,0,0,0,6,1,0,3,0,0,0,0,2,0
"Foot and Mouth",3,3,6,0,12,6,0,0,0,0,0,0,0,0,9,0,0,0,0,0,0,108,6,3,0,0,3,0,0,1,0,0,0,0,0,0,0,0,0,0,0,29,0,3,0,0,3,0,6,9,0,2,3,0,3,0,0,3,0,3,0,0,0,0,0,0,0,0,0,0,0,0,0,0,0,0,0,0,8,4,0,0,0,0,0,0,17,20,0,0,0
"Hepatitis C",0,0,0,0,3,0,0,3,3,0,0,0,3,0,2,0,0,0,0,0,4,0,0,0,0,0,6,5,0,0,0,0,2,0,0,3,0,0,2,0,0,0,0,0,0,0,0,0,0,0,0,0,0,0,0,0,0,0,0,3,3,0,0,0,0,0,0,0,0,2,3,0,0,0,0,0,0,0,0,2,0,0,0,0,3,0,0,0,0,0,0
"Hepatitis",0,0,0,1,6,0,0,0,0,0,0,0,0,0,0,0,0,0,0,0,0,3,0,3,0,3,0,0,0,0,0,0,0,6,0,0,0,2,2,0,2,0,0,0,0,0,3,3,0,0,0,0,0,0,0,1,0,0,0,0,0,0,0,0,0,0,0,6,0,3,0,0,0,0,0,3,0,0,0,0,0,0,0,0,0,0,0,0,0,0,0
"Tick-borne disease",0,0,5,0,0,0,0,3,3,0,0,0,0,0,2,0,0,0,0,0,0,3,0,0,0,0,4,0,0,0,0,0,0,0,0,0,0,0,0,0,0,0,0,0,0,0,0,0,0,0,0,0,0,0,0,0,0,0,0,0,0,0,0,0,0,0,0,0,0,0,0,0,0,0,0,0,0,0,0,0,0,0,0,0,0,0,0,0,0,0,0
"Hepatitis E",0,0,0,0,0,0,0,0,0,0,0,0,0,0,0,0,0,0,0,0,0,0,2,0,0,0,0,0,0,0,0,0,0,0,0,0,0,0,0,0,0,4,10,6,0,0,0,0,0,3,0,0,0,0,0,0,0,0,0,0,0,0,0,0,0,0,0,0,0,0,0,0,0,0,0,0,0,0,0,0,0,0,0,0,0,0,0,0,0,0,0
"Marburg Fever",0,0,0,0,0,0,0,0,0,0,0,0,0,0,0,0,0,0,0,0,0,0,0,0,0,0,0,0,0,0,0,0,0,0,0,0,0,0,0,0,0,0,0,0,0,0,0,0,0,0,0,0,0,0,0,0,0,0,0,0,0,0,0,0,0,0,0,0,0,0,0,0,0,0,0,0,0,25,6,14,66,6,8,0,3,0,0,16,16,16,0
"Ebola",75,63,34,34,34,15,10,22,15,7,6,13,19,36,33,42.5,26,21,59,30,21,12,15,12,0,0,3,4,6,0,21,44,62,34,17,10,13,15,17,0,6,35,15,22,17,13,45,4,0,2,0,0,0,0,0,21,8,2,0,9,6,7,23,8,5,0,0,1,3,3,2,0,4,0,0,11,3,0,0,4,4,12,3,0,3,5,0,3,0,0,0
"Nipah/Hendra Virus",0,0,0,0,2,0,0,0,0,0,0,0,0,0,0,0,0,0,0,0,0,0,0,0,0,0,0,0,0,0,0,0,0,0,5,3,0,0,0,0,0,0,0,0,0,0,0,0,0,0,0,0,0,0,0,0,0,0,0,0,0,0,0,0,0,0,0,0,0,0,0,0,0,0,0,0,0,3,0,0,0,0,0,0,0,0,0,0,0,0,0
"Chronic/Non-Infectious Disease",1,0,0,0,0,0,0,0,0,0,0,0,0,0,0,3,0,0,0,0,0,3,0,0,1,0,0,0,0,0,0,0,0,0,0,0,0,0,0,0,0,0,0,0,0,0,0,0,0,15,0,0,0,0,0,0,0,0,0,0,0,0,0,0,0,0,0,0,0,0,0,0,0,0,0,0,0,0,0,0,0,0,0,0,0,0,0,0,0,0,0
"Animal Die-off",0,0,12,0,3,0,2,0,0,0,0,2,3,0,2,3,0,0,0,3,0,0,0,0,3,3,0,0,0,0,8,3,9,3,6,0,0,3,2,2,0,0,3,0,0,3,0,5,0,6,0,0,3,2,9,0,0,0,0,6,0,0,3,0,0,3,0,0,0,0,0,3,0,0,3,0,0,3,0,0,0,0,12,3,0,0,0,0,0,0,0
"Food-related toxin",0,0,0,0,0,0,3,0,0,0,0,0,0,0,0,0,0,0,0,2,1,0,0,0,1,0,0,0,0,0,0,0,6,0,3,0,0,0,0,0,0,0,0,0,0,0,0,0,0,0,0,0,0,0,0,0,0,0,0,0,0,0,2,0,0,0,0,2,0,0,6,0,3,3,4,1,3,0,3,0,0,0,0,3,0,1,0,0,0,0,0
"Plague",0,0,0,0,6,0,0,0,0,0,0,3,0,3,0,0,0,0,0,0,0,0,0,3,2,7,0,0,0,0,0,0,0,4,0,0,0,6,57,56,14,0,7,0,6,3,0,0,0,2,0,0,0,0,6,14,20,6,0,0,0,3,0,0,0,3,0,6,0,3,0,0,0,3,0,0,0,0,0,0,0,0,0,0,0,0,0,0,0,0,0
"Sexually Transmitted Infection",0,0,0,0,0,0,0,0,0,0,0,0,0,0,0,0,0,0,0,0,4,0,0,0,0,0,2,0,0,0,0,0,0,0,0,0,0,0,0,2,0,0,0,0,0,0,0,0,0,0,0,0,0,0,0,0,0,0,0,0,0,0,0,0,0,0,0,0,0,0,0,0,0,0,0,0,0,0,0,0,0,0,0,0,0,0,0,0,0,0,0
"African Swine Fever",3,0,0,0,3,18,39,10,3,10,7,7,13,3,45,4,0,13,43,56,3,0,0,3,7,0,0,4,0,0,0,3,13,3,0,3,3,0,4,6,0,3,7,4,6,0,0,0,0,2,0,0,0,0,0,0,0,0,0,0,0,0,0,0,7,0,0,0,0,0,0,0,3,0,6,3,0,0,0,6,0,3,4,0,0,0,0,0,3,0,0
"Algae",7,0,0,0,0,2,6,2,0,0,5,0,0,0,3,0,0,7,2,3,0,0,0,6,0,0,0,0,0,2,0,0,2,0,2,0,0,0,0,0,6,0,4,2,0,0,2,0,0,0,0,0,0,1,3,0,0,0,0,0,0,2,6,1,0,0,0,0,3,0,0,0,0,0,0,0,0,0,0,0,6,0,1,0,0,0,0,0,0,0,0
"Mumps",0,0,0,4,0,3,0,0,0,0,0,0,0,0,0,0,0,0,0,0,0,0,0,0,0,0,0,0,0,0,0,0,0,2,0,0,0,0,0,0,0,0,0,0,0,0,0,0,0,3,0,0,0,0,0,3,0,2,18,6,12,0,9,24,3,3,40,39,3,10,4,0,19,11,12,16,0,4,15,30,26,15,5,0,11,0,0,7,8,3,0
"Bacterial Meningitis",0,0,0,0,0,0,0,0,0,0,0,0,0,0,0,0,0,0,0,0,0,0,0,0,0,0,0,0,0,0,0,0,0,0,0,4,0,0,0,0,0,0,0,0,0,0,0,0,0,0,0,0,0,0,0,3,0,0,0,0,3,0,0,0,0,0,5,1,0,4,8,0,0,5,3,0,0,0,0,0,0,0,0,0,0,0,0,0,0,0,0
"Meningitis - Neisseria",0,0,0,0,0,0,0,0,0,0,0,0,0,0,0,0,0,0,0,0,4,0,0,0,0,0,0,0,0,0,0,0,0,3,5,0,0,0,0,0,0,0,0,0,0,0,0,0,0,0,0,0,0,0,0,0,0,3,0,0,0,0,0,0,0,0,0,4,0,1,3,0,0,0,3,6,0,0,0,0,0,0,0,0,0,0,0,0,0,0,0
"Chagas",6,0,0,0,0,0,3,0,0,0,3,0,0,0,0,0,0,0,0,12,0,0,0,0,0,0,0,0,0,0,0,0,0,0,0,0,0,0,0,0,6,0,0,0,0,0,0,0,0,0,0,0,0,0,0,0,0,0,0,0,0,0,0,0,0,0,0,0,0,0,0,0,6,0,6,0,0,0,0,0,0,0,0,0,0,6,0,0,0,0,0
"Hospital-Related Infection",0,0,0,0,0,0,0,3,0,0,0,0,0,0,0,0,0,0,0,0,0,0,0,0,0,0,0,6,0,0,0,0,0,0,0,0,0,0,0,0,0,0,0,0,0,0,0,0,0,0,0,0,0,3,0,0,0,0,0,0,0,0,0,0,0,0,0,0,0,0,0,0,0,0,0,0,0,0,0,0,0,1,0,0,0,0,0,0,0,0,0
"Vibrio, noncholera",0,0,0,0,0,0,0,0,0,0,0,0,0,0,0,0,0,0,0,0,0,0,0,0,0,0,0,0,0,0,0,0,0,0,0,3,0,0,0,0,0,0,0,0,0,0,0,0,0,0,0,0,0,0,0,0,0,0,0,0,0,0,0,0,0,0,0,0,0,0,0,0,0,0,0,0,0,0,0,0,0,0,0,0,0,0,0,0,0,0,0
"Tick-borne Encephalitis",0,0,0,3,0,0,3,0,0,0,0,0,0,0,6,0,0,0,0,0,0,0,0,0,0,0,0,0,0,0,0,0,0,0,0,0,0,3,0,0,0,0,0,0,0,0,0,0,0,0,0,0,0,0,0,0,0,0,0,0,0,0,0,0,0,0,0,0,0,0,0,0,0,0,0,0,0,0,0,0,0,0,0,0,0,0,0,0,0,0,0
"Environmental",6,3,0,0,4,4,1,2,0,1,2,3,0,2,6,7,0,0,3,7,2,2,2,0,2,4,1,8,2,1,0,0,1,11,0,4,0,0,0,0,5,0,0,0,0,0,1,4,1,1,0,0,0,0,0,2,0,0,0,0,2,1,0,0,0,1,1,0,0,0,0,0,1,0,0,3,0,0,0,0,0,0,0,0,0,0,0,0,0,3,0
"Chikungunya",12,0,3,0,0,3,7,0,0,0,0,0,0,0,0,0,0,0,3,0,3,0,3,0,0,0,0,0,0,0,0,0,0,0,3,0,0,0,0,0,0,0,0,0,0,0,3,0,3,0,0,0,0,0,3,2,0,3,3,3,3,0,3,7,3,0,3,3,3,3,0,0,7,3,6,12,0,0,0,0,3,6,0,3,0,0,0,0,0,0,0
"Equine Herpes Virus",0,0,0,0,0,0,0,0,0,0,0,0,0,0,0,0,0,0,0,0,0,0,0,0,0,0,0,0,0,0,0,0,0,0,0,0,0,0,0,0,0,0,0,0,0,0,0,0,0,0,0,0,0,0,0,0,0,0,0,0,0,0,0,0,0,0,0,0,0,0,0,0,0,0,0,0,3,9,0,0,0,0,0,0,0,0,0,0,0,3,0
"Dysentery",0,0,0,0,0,0,3,3,0,1,0,0,0,3,0,0,0,0,0,0,3,0,0,0,0,0,0,3,0,0,0,0,0,0,0,0,0,0,0,0,0,0,6,3,0,0,0,0,0,0,0,0,11,4,0,0,0,0,0,6,3,0,0,4,0,0,3,10,0,3,9,0,4,6,0,0,0,0,0,0,0,0,0,0,3,0,3,3,0,0,0
"Canine Influenza",0,0,0,0,0,0,0,0,0,0,0,0,0,0,0,0,0,0,0,0,0,3,0,0,0,0,0,0,0,2,0,0,0,0,0,0,0,0,0,2,0,0,0,0,0,0,0,0,0,0,0,0,0,0,0,0,0,0,0,0,0,0,0,0,0,0,0,0,0,0,0,0,0,0,0,0,0,0,0,0,0,0,0,0,0,0,0,0,0,0,0
"0",0,0,0,0,0,1,0,0,0,0,0,0,0,0,0,0,0,0,0,0,0,0,0,0,0,0,0,0,0,0,0,0,0,0,0,0,0,0,0,0,0,0,0,0,0,0,0,0,0,0,0,0,0,0,0,0,0,0,0,0,0,0,0,0,0,0,0,0,0,0,0,0,0,0,0,0,0,0,0,0,0,0,0,0,0,0,0,0,0,1,0
"Scabies",0,0,0,0,0,0,3,0,0,0,0,0,0,0,3,0,0,0,0,0,0,0,0,0,0,0,0,0,0,0,0,3,0,0,0,0,3,0,0,0,3,3,0,0,0,0,0,2,2,3,0,0,0,5,0,0,0,0,0,3,6,0,0,0,3,0,0,0,0,0,2,0,0,3,1,3,0,3,0,0,0,0,0,4,0,0,0,0,6,3,0
"Newcastle Disease",0,0,3,0,17,0,9,0,0,0,3,0,0,0,0,0,3,0,0,0,0,0,0,0,0,0,10,0,15,0,0,0,0,0,0,0,0,0,0,6,0,0,0,0,0,0,0,0,0,0,0,0,0,0,0,0,0,0,0,0,0,0,0,0,0,0,0,0,0,0,9,0,0,0,0,0,0,0,0,0,0,3,0,3,0,0,0,0,0,3,0
"Classical Swine Fever",0,0,0,0,0,0,0,0,0,0,0,0,0,0,0,0,0,0,7,0,3,0,0,0,0,0,0,4,0,0,0,0,0,0,7,3,0,0,0,0,0,0,0,0,0,0,0,0,0,0,0,0,0,0,0,0,0,0,0,0,0,0,0,0,0,0,0,0,3,0,0,0,0,0,0,0,0,0,0,0,0,6,0,0,0,0,0,6,0,0,0
"Canine distemper",0,0,0,0,0,0,0,4,0,0,0,0,0,0,0,0,0,0,3,3,0,0,0,0,0,0,0,0,0,0,0,0,0,0,0,0,0,0,0,0,0,2,0,0,0,0,0,2,0,0,0,0,3,0,0,3,0,0,0,2,0,0,0,0,0,0,0,0,0,0,6,5,0,0,0,0,0,0,0,0,0,0,0,0,0,0,0,0,0,3,0
"HFM-Enterovirus71",0,0,3,1,0,0,0,0,0,0,0,0,0,0,0,3,0,0,0,0,0,0,0,0,0,0,0,0,0,0,0,0,0,0,0,0,0,0,0,15,0,0,0,0,0,0,0,0,0,0,0,0,0,0,0,0,0,0,0,0,0,0,0,0,0,0,0,0,0,0,0,0,0,0,0,3,0,0,0,0,0,0,0,0,0,0,0,0,0,0,0
"Enterovirus",0,0,0,0,3,0,0,0,0,0,0,6,0,0,0,0,0,0,0,0,0,0,0,0,0,0,0,0,0,0,0,0,0,0,0,0,0,0,0,0,0,0,0,0,0,0,0,0,0,0,0,0,0,0,0,0,0,0,0,0,0,0,0,0,0,0,0,0,0,0,0,0,0,0,0,0,0,0,0,0,0,0,0,0,0,0,0,0,0,0,0
"Bluetongue",0,0,0,0,0,0,0,0,0,0,0,0,0,0,0,0,0,0,0,0,0,0,4,0,0,0,0,0,0,0,0,0,0,0,0,3,0,0,0,0,0,0,0,0,0,0,0,0,0,0,0,0,0,0,0,3,6,0,0,3,0,0,0,0,0,6,0,3,0,0,0,0,0,0,0,0,0,0,0,0,0,0,0,15,6,0,0,0,3,0,0
"Brucellosis",0,0,0,0,3,0,0,0,0,0,0,0,0,0,0,0,0,0,0,0,0,0,0,0,0,0,0,0,0,0,0,0,0,3,0,0,0,3,9,3,0,0,0,0,0,0,0,0,3,0,0,0,0,0,0,0,0,0,0,0,0,0,0,0,0,0,3,0,0,0,3,2,0,0,0,3,0,0,0,2,0,0,0,0,0,0,0,0,3,0,0
"Lice",0,0,0,0,0,0,0,0,0,0,0,0,0,0,0,0,0,0,0,0,0,0,0,0,0,0,0,0,0,0,0,0,0,3,0,0,0,0,0,0,0,0,0,0,0,3,0,0,0,0,0,0,0,3,0,0,0,0,0,0,0,0,0,0,0,0,0,0,0,0,0,0,0,0,0,3,0,0,0,0,0,0,0,0,3,0,0,0,0,0,0
"Conjunctivitis",0,0,0,0,0,0,6,0,3,0,0,1,0,0,0,0,0,0,0,2,3,2,0,0,3,0,0,0,0,0,0,3,0,0,0,0,0,0,0,0,0,0,0,0,0,0,0,0,0,0,0,2,0,0,2,0,0,0,0,2,2,0,0,0,0,0,0,0,0,0,0,0,0,0,0,0,5,0,0,0,0,0,3,0,0,3,0,0,0,0,0
"Blastomycosis",0,0,0,0,0,0,0,0,0,0,0,0,0,0,0,0,0,0,0,0,0,0,0,0,0,0,0,0,0,0,0,3,0,0,3,0,0,0,0,3,0,0,0,0,0,0,0,0,0,0,0,0,0,0,0,0,0,0,0,0,2,0,0,0,0,0,0,0,0,0,0,0,0,0,0,0,0,0,0,0,0,0,0,0,0,0,0,0,0,0,0
"P. aeruginosa",0,0,0,0,0,0,0,0,0,0,0,0,0,0,0,0,0,0,0,0,0,0,0,0,0,0,0,0,0,0,0,0,0,0,0,0,0,0,3,0,0,0,0,0,0,0,0,0,0,0,0,0,0,0,0,0,0,0,0,0,0,0,0,0,0,0,0,0,3,0,0,0,0,2,0,0,0,0,0,0,0,0,0,0,0,0,0,0,0,0,0
"Equine Infectious Anemia",0,0,0,0,0,7,6,0,0,0,0,0,3,0,3,0,0,0,21,0,0,0,0,0,0,0,0,0,0,0,0,0,0,0,3,0,2,0,15,3,0,0,0,0,0,0,0,0,0,0,0,0,6,0,0,0,3,0,0,2,0,6,0,3,0,0,0,0,0,0,0,0,0,0,0,0,0,3,0,3,0,0,0,0,0,0,0,0,0,0,0
"Diphtheria",0,0,0,0,0,0,0,0,0,0,0,0,0,0,0,0,0,0,0,0,0,0,0,0,0,0,0,0,0,0,0,0,0,0,3,0,3,0,3,0,0,0,0,0,0,0,0,0,0,0,0,0,0,0,0,0,0,0,0,0,0,0,0,0,0,0,0,0,0,0,0,0,0,0,0,0,0,0,0,0,0,0,0,0,0,0,0,0,0,0,0
"Hepatitis B",0,0,0,0,0,0,0,0,0,0,0,0,0,0,0,0,2,0,0,0,0,0,0,0,0,0,0,0,0,0,0,0,0,0,0,0,0,0,0,0,0,0,0,0,0,0,0,0,0,0,0,0,0,0,0,0,0,0,0,6,0,0,0,0,0,0,0,0,0,0,0,0,0,0,0,0,0,5,0,0,0,0,0,0,0,0,0,0,0,0,0
"Leprosy",0,0,0,0,0,0,0,0,0,0,0,0,0,0,0,0,0,0,3,0,0,0,0,0,0,0,0,0,0,0,0,0,0,0,12,4,0,0,0,0,0,0,0,0,0,0,0,0,0,0,0,0,0,0,0,0,3,0,0,0,0,0,0,0,3,0,0,0,0,0,0,0,0,0,3,0,0,0,0,0,0,0,0,0,0,4,0,0,0,0,0
"Scrub Typhus",0,0,0,0,0,0,0,0,0,0,0,0,0,0,0,0,0,0,0,0,0,0,0,0,0,0,0,0,0,0,0,0,3,0,3,0,0,0,0,0,3,0,0,0,0,6,0,0,0,0,3,3,0,6,0,0,0,0,2,0,6,0,0,0,0,0,0,4,0,3,0,0,0,0,0,0,0,0,0,0,0,0,3,0,1,0,0,0,0,0,0
"Chronic Wasting Disease",0,0,0,0,0,0,0,0,0,0,0,0,0,6,0,0,0,0,0,0,0,0,0,0,0,0,0,3,0,0,0,0,3,0,6,0,0,0,0,0,0,0,0,0,0,0,0,0,0,0,0,0,0,0,0,0,0,0,0,0,0,9,0,0,0,0,0,0,0,7,0,0,4,0,4,0,0,0,0,0,0,0,3,0,0,0,0,0,3,0,0
"Arenavirus",0,0,0,0,0,0,0,0,0,0,0,0,0,3,0,0,0,0,0,0,0,0,0,0,0,0,3,0,0,0,0,0,0,0,0,0,0,0,0,0,0,0,0,0,0,0,0,0,0,0,0,0,0,0,0,0,0,0,0,0,0,0,0,0,0,0,0,0,0,0,0,0,0,0,0,0,0,0,0,0,0,0,0,0,0,0,0,0,0,0,0
"Japanese Encephalitis",0,0,0,0,0,0,6,0,0,0,0,0,0,0,0,0,0,18,0,0,0,12,0,0,0,0,0,0,0,0,0,3,0,4,0,0,0,0,0,0,0,0,0,0,0,0,0,0,0,0,0,0,0,0,0,0,0,0,0,0,0,0,0,0,0,0,0,0,0,6,0,6,0,0,0,0,0,0,0,0,0,0,0,0,0,0,0,0,0,0,0
"Peste des petits ruminants",25,12,15,18,4,3,0,0,0,0,4,0,0,0,3,0,0,3,0,6,0,0,0,0,0,0,0,0,0,0,0,0,3,0,0,0,0,0,0,0,0,0,0,0,0,0,0,0,0,0,0,0,0,0,0,0,0,0,0,0,0,0,0,0,0,0,6,0,0,4,0,0,0,0,0,0,0,6,0,0,0,0,0,0,0,0,0,0,0,0,0
"Protozoa, miscellaneous",0,0,0,0,0,0,0,0,0,0,0,0,0,0,0,0,0,0,0,0,0,0,0,3,0,0,0,0,0,0,0,0,0,0,0,0,0,0,0,0,0,0,0,0,0,0,0,0,0,0,0,0,0,0,0,0,0,0,0,0,0,0,0,0,0,0,0,0,0,0,0,0,0,0,0,0,0,0,0,6,0,0,0,0,0,0,0,0,0,0,0
"Rocky Mountain Spotted Fever",0,0,0,0,0,0,0,0,0,0,0,0,0,7,0,0,0,0,0,0,0,0,0,0,0,3,0,3,0,0,0,0,0,0,0,0,0,4,0,0,0,0,0,0,0,0,0,0,0,0,0,0,0,0,0,0,0,0,3,3,3,0,0,0,0,0,0,0,0,0,0,0,0,0,0,0,0,0,0,0,0,0,0,0,0,0,3,0,0,0,0
"Vaccine Complication",0,0,0,0,0,0,0,0,0,0,0,0,0,0,0,0,0,0,0,0,0,0,0,0,0,0,0,0,0,0,0,0,0,0,0,0,0,0,0,0,0,0,0,0,0,0,0,0,0,0,2,0,0,0,0,0,0,0,0,3,0,0,0,0,0,0,3,0,0,0,0,3,2,0,0,0,0,0,0,0,0,0,0,0,0,0,0,0,0,0,0
"Shingles",0,0,0,0,0,0,0,0,0,0,0,0,0,0,0,0,0,0,0,0,0,0,0,0,0,0,0,0,0,0,0,0,0,0,0,0,0,0,0,0,0,0,0,0,0,0,0,0,0,0,0,0,0,0,0,2,0,0,0,0,0,0,0,0,0,0,0,0,0,0,0,0,0,0,0,0,0,0,0,0,0,0,0,0,0,0,0,0,0,0,0
"Tularemia",0,0,0,0,0,0,0,0,0,0,0,0,0,0,0,3,0,0,3,0,3,0,0,0,0,0,0,5,3,0,0,0,0,0,1,0,0,0,0,0,0,0,2,0,0,0,0,0,0,0,0,0,3,3,0,0,0,0,0,0,0,0,0,0,0,0,0,0,0,0,0,0,0,0,0,0,0,3,0,0,0,0,0,0,0,1,0,0,0,0,0
"Staph",0,0,0,0,0,0,3,3,0,0,0,0,0,0,0,0,0,0,0,0,3,0,0,0,0,0,0,0,0,0,0,0,0,0,0,0,0,0,0,0,0,0,0,0,0,0,0,0,0,0,3,0,0,0,0,0,0,0,0,0,0,0,0,0,0,0,0,0,0,0,0,0,0,0,0,0,0,0,0,0,0,0,0,0,0,0,0,0,0,0,0
"Human Bocavirus",0,0,0,0,0,0,0,0,0,0,0,0,0,0,0,0,0,0,0,0,0,0,0,0,0,0,0,0,0,0,0,0,0,0,0,0,0,0,0,0,0,0,0,0,0,0,0,0,0,0,0,0,0,0,0,0,0,0,0,0,0,0,0,0,0,0,0,9,0,0,0,0,0,0,0,0,0,0,0,0,0,0,0,0,0,0,0,0,0,0,0
"Vibrio vulnificus",0,0,0,0,0,0,0,0,0,0,0,0,0,3,0,0,0,0,0,0,0,0,0,0,0,0,0,0,0,0,0,0,0,0,0,0,0,0,0,0,0,0,0,0,0,0,0,0,0,0,0,0,0,0,0,0,0,0,0,0,0,0,0,0,0,0,3,0,0,0,0,0,0,0,0,0,0,0,0,0,0,0,0,0,0,0,0,0,0,0,0
"Monkeypox",0,0,0,0,0,0,0,0,0,0,0,0,0,0,0,0,0,0,0,0,0,0,0,0,0,0,0,0,0,0,0,0,0,0,0,0,0,0,0,0,0,0,0,5,0,8,0,0,0,0,0,3,0,0,0,0,0,0,0,0,0,0,0,0,0,0,0,0,0,0,0,0,0,0,0,0,0,0,0,0,0,0,0,0,0,0,0,0,0,0,0
"Hemorrhagic Fever",0,0,0,0,0,4,0,0,0,0,0,0,0,9,9,0,3,0,4,0,4,0,0,0,0,0,0,0,0,0,0,4,0,0,0,0,0,0,0,0,0,0,0,0,0,0,0,0,0,0,0,0,0,0,0,4,4,0,0,4,0,0,0,0,4,0,0,0,0,0,4,0,0,0,0,0,1,0,0,0,3,0,0,0,0,0,0,0,0,0,0
"Bronchitis/Bronchiolitis",0,0,0,0,3,0,0,0,0,0,0,0,0,0,0,0,0,3,0,0,0,0,3,0,0,0,0,0,0,0,0,0,0,0,0,0,0,0,0,0,0,0,0,0,0,0,0,0,0,0,0,0,0,0,0,0,0,3,0,3,0,0,0,0,0,0,0,3,0,0,0,0,0,0,0,0,0,0,0,0,0,0,0,0,0,0,0,0,0,0,0
"Vibrio parahaemolyticus",0,0,0,0,0,0,0,2,0,0,3,0,0,0,0,0,0,0,0,0,0,0,0,0,0,0,0,0,0,0,0,0,0,0,0,0,0,0,0,0,0,0,0,0,0,0,0,0,0,0,0,0,0,0,0,0,0,0,0,0,0,3,0,0,3,3,0,0,0,0,0,0,3,0,0,0,0,0,0,0,0,0,0,0,0,0,0,0,0,0,0
"Echinococcosis",0,0,0,0,0,0,0,0,0,0,0,0,0,0,0,0,0,0,0,0,0,0,0,0,0,0,0,0,0,0,0,0,3,0,0,0,0,0,0,0,0,0,0,0,0,0,3,0,0,0,0,0,0,0,0,0,0,0,0,0,0,3,0,0,0,0,0,0,0,0,0,0,0,0,0,0,0,0,0,0,0,0,0,0,0,0,0,0,0,0,0
"Amoeba",0,0,0,0,4,0,0,0,0,0,0,0,0,0,0,0,0,0,0,0,0,0,0,0,0,0,0,0,0,0,0,0,0,0,0,0,0,3,0,0,3,0,0,0,0,0,0,0,0,3,4,0,0,0,0,0,0,0,0,0,0,0,0,0,0,0,0,6,6,3,0,0,0,0,0,0,0,0,2,0,0,0,0,0,0,0,0,0,0,0,0
"Tetanus",0,0,0,0,0,0,0,0,0,0,0,0,0,0,0,0,0,0,0,0,0,0,0,0,0,0,0,0,0,0,0,0,0,0,0,0,0,0,0,2,0,0,0,0,0,0,0,0,0,0,0,0,0,0,0,0,0,0,0,0,0,0,0,0,0,0,0,0,0,0,0,0,3,0,0,0,0,0,0,0,0,0,0,0,0,0,0,0,0,0,0
"Vesicular Stomatitis",6,3,0,0,0,0,0,9,0,0,0,0,0,0,0,0,0,3,0,0,0,2,0,0,0,0,0,0,3,0,0,0,0,0,0,0,0,0,9,0,0,0,0,0,0,3,0,0,0,0,0,0,0,0,0,0,3,0,0,0,0,0,0,0,0,0,0,0,0,0,0,0,0,0,0,0,0,0,0,0,0,0,0,3,0,0,0,0,0,0,0
"Trypanosomiasis",0,0,0,0,0,0,0,0,0,3,0,1,0,0,0,0,0,0,0,0,0,0,0,0,0,0,0,0,0,0,0,3,0,0,0,0,0,0,0,0,0,0,0,0,0,0,0,0,0,0,0,0,0,0,0,0,0,0,0,0,0,0,0,0,0,0,0,0,0,0,0,6,0,0,0,0,0,0,0,0,0,0,0,0,0,0,0,0,0,0,0
"Leishmaniasis",0,0,0,0,0,0,0,0,0,0,0,0,0,3,0,0,0,0,0,0,0,0,0,0,0,0,0,0,0,0,3,0,0,0,6,0,0,0,0,0,0,0,0,0,3,0,0,0,0,0,0,0,0,2,0,0,0,0,0,0,0,0,0,4,0,0,0,0,0,0,0,0,3,3,0,0,0,0,0,0,0,0,0,0,0,0,0,0,0,0,0
"Lumpy Skin Disease",0,3,0,0,0,0,0,0,0,0,0,0,0,0,0,0,0,21,0,0,0,0,0,0,0,0,0,0,0,0,0,0,0,8,3,0,0,0,0,0,0,0,0,0,0,0,0,4,3,0,0,0,0,0,0,0,0,0,0,0,0,0,0,0,0,0,0,0,0,0,0,0,10,0,3,0,0,0,0,0,0,0,0,0,0,0,0,0,0,0,0
"Rift Valley Fever",0,0,0,0,0,0,0,0,0,0,0,0,0,0,0,0,0,0,0,0,0,0,0,0,0,0,0,0,0,0,0,0,0,0,0,0,0,0,0,0,0,0,0,0,0,0,0,0,0,0,0,0,0,0,0,6,0,2,3,0,3,0,0,3,3,0,0,0,0,0,0,0,0,0,0,0,0,0,0,0,0,0,8,3,0,0,0,0,0,0,0
"Shigellosis",0,0,0,0,0,0,3,0,0,0,0,0,0,0,0,0,0,0,0,0,0,0,0,0,0,0,3,0,0,0,0,0,0,0,0,0,0,0,0,0,3,0,0,0,0,0,0,0,0,0,0,0,0,0,3,3,0,0,0,0,0,0,0,0,0,0,0,0,0,3,0,0,0,0,0,0,0,0,0,0,0,0,0,3,0,0,0,0,0,0,0
"Guinea Worm",0,0,0,0,0,0,0,0,0,0,0,0,0,0,0,0,0,0,0,0,0,0,0,0,0,12,0,12,0,0,0,0,0,0,0,0,0,0,0,0,0,0,0,0,0,0,0,0,0,0,0,0,0,0,0,0,0,0,0,0,0,0,0,0,0,0,0,0,0,0,0,0,0,0,0,0,0,0,0,0,0,0,0,0,0,0,0,0,0,0,0
"Feline panleukopenia virus",0,0,0,0,0,0,0,0,0,0,0,0,0,0,0,0,0,0,0,0,0,0,0,0,0,0,0,0,0,0,0,0,0,0,0,0,0,0,0,0,0,0,0,0,0,0,0,0,0,0,0,0,0,0,0,0,0,0,0,0,0,0,0,0,0,0,0,0,0,0,0,0,0,0,0,0,0,0,0,0,0,0,2,0,0,0,0,0,0,0,0
"Ringworm",3,0,0,0,0,0,0,0,0,0,0,0,0,0,0,3,0,0,0,0,0,0,0,0,0,0,0,0,0,0,0,0,0,3,3,0,0,0,0,0,0,0,0,0,0,0,0,0,0,0,0,0,0,0,0,0,0,3,0,0,0,0,0,0,0,0,0,0,0,0,0,0,0,0,0,0,0,0,0,0,0,0,0,0,0,0,0,0,0,0,0
"Blue Ear",0,0,0,0,0,0,0,0,0,0,0,0,0,0,0,0,0,0,3,0,0,0,0,0,0,0,0,0,0,0,0,3,0,0,0,0,0,0,0,0,0,0,0,0,0,0,0,0,0,0,0,0,0,0,0,0,0,0,0,0,0,0,0,0,0,0,0,0,0,0,0,0,0,0,0,0,0,0,0,0,0,0,0,0,0,0,0,0,0,0,0
"Avian Cholera",0,3,0,0,0,0,0,0,0,0,0,0,0,0,0,0,0,0,0,0,0,0,0,0,0,0,0,0,0,0,0,0,0,0,0,0,0,0,0,0,0,0,0,0,0,0,0,0,0,0,0,0,0,0,0,0,0,0,0,0,0,0,0,0,0,0,0,0,0,0,0,0,0,0,0,0,0,0,0,0,0,0,0,0,0,0,0,0,0,0,0
"Onchocerciasis",0,0,2,0,0,0,0,0,0,0,0,0,0,0,0,0,0,0,0,0,0,0,0,0,0,0,0,0,0,0,0,0,0,0,0,0,0,0,0,0,0,0,0,0,0,0,0,0,0,0,0,0,0,0,0,0,0,0,0,0,0,0,0,0,0,0,0,0,0,0,0,0,0,0,0,0,0,0,0,0,0,0,0,0,0,0,0,0,0,0,0
"Herpes",0,0,0,0,0,0,0,0,0,0,0,3,3,0,3,0,0,0,0,0,0,0,0,0,0,0,0,0,0,0,0,0,0,0,0,0,0,0,0,0,0,0,0,0,0,0,0,0,0,0,0,0,0,0,0,0,0,0,0,0,0,0,0,0,0,0,0,0,0,0,0,0,0,0,0,0,0,0,0,0,0,0,0,0,0,0,0,0,0,0,0
"Sheep/Goat Pox",0,0,0,0,0,0,0,0,0,0,0,0,0,0,0,0,0,0,0,0,0,0,0,0,0,0,0,0,0,0,0,0,0,0,0,0,0,0,0,0,0,0,0,0,0,0,0,0,0,0,0,0,0,6,0,0,0,0,0,0,0,0,0,0,0,0,0,3,12,0,0,0,0,0,0,0,0,0,0,0,0,0,0,0,0,0,0,0,0,0,0
"Strep",0,0,0,0,0,0,0,0,0,0,0,0,0,0,0,0,0,0,3,0,0,0,0,0,0,0,0,0,0,0,0,0,0,0,0,0,0,0,0,0,0,0,0,0,0,0,0,0,3,3,6,0,0,0,0,3,0,0,0,0,3,0,0,0,0,0,0,0,0,0,0,0,0,4,0,0,0,3,0,0,0,0,0,0,0,0,0,0,0,0,0
"Histoplasmosis",0,0,0,0,0,0,0,0,0,0,0,0,0,0,0,0,0,0,0,0,0,0,0,0,0,0,0,0,0,0,0,0,0,0,0,0,0,0,0,0,0,0,0,0,0,0,0,0,3,0,0,0,0,0,0,0,0,0,0,0,0,3,0,0,0,0,0,0,0,0,0,0,0,0,0,0,0,0,0,0,0,0,0,0,0,0,0,0,0,0,0
"Viral Meningitis",0,0,0,0,0,3,3,0,0,0,0,0,0,0,0,0,0,0,0,0,0,0,0,0,0,0,0,0,0,0,0,0,0,0,0,0,0,0,0,3,0,0,0,0,0,0,0,0,0,0,0,0,0,0,0,0,0,0,0,0,6,9,0,0,0,0,0,0,0,3,0,0,0,0,0,0,0,0,0,0,0,0,0,0,0,0,0,0,0,0,0
"Crimean-Congo Hemorrhagic Fever",0,0,0,0,0,0,0,4,3,0,0,3,0,0,0,0,0,0,0,0,0,0,0,0,0,0,0,0,0,3,0,3,0,0,0,0,0,0,0,0,0,0,0,0,0,0,0,0,0,0,0,0,0,0,0,0,0,0,0,0,0,0,0,20,12,0,0,0,0,0,0,0,0,0,0,0,0,0,0,0,0,0,0,0,0,0,0,0,0,0,0
"Psittacosis",0,0,0,0,0,0,0,0,0,0,0,0,0,0,0,0,0,0,0,0,0,0,0,0,0,0,0,0,0,0,0,0,3,3,0,0,0,0,0,0,0,0,0,0,0,0,0,0,0,0,0,0,0,0,0,0,0,0,0,0,0,0,0,0,0,0,0,0,0,0,6,0,0,0,0,3,0,0,0,0,0,0,0,0,0,0,0,0,0,0,0
"Schistosomiasis",0,0,0,0,0,0,0,0,0,0,0,0,0,0,0,0,0,0,0,0,0,0,0,0,0,0,0,0,0,0,0,0,0,0,0,0,0,0,0,0,0,0,0,0,0,0,0,0,0,0,0,0,0,0,0,0,0,0,0,0,0,0,0,0,0,0,0,0,0,0,0,0,0,0,0,2,0,0,0,0,0,0,0,0,0,0,0,0,0,0,0
"Rash",0,0,0,0,0,0,0,0,0,0,0,0,0,0,0,0,0,0,0,3,0,0,0,0,0,0,0,0,0,0,0,0,0,0,0,0,0,0,0,0,0,3,0,0,0,0,0,0,0,0,0,0,0,0,2,0,3,0,0,0,0,0,0,0,0,0,0,0,0,0,0,0,0,0,0,0,0,0,0,0,0,0,0,0,0,0,0,0,0,0,0
"Free Living Amoeba",0,0,0,0,0,0,0,0,0,0,0,0,0,0,0,0,0,0,0,0,0,0,0,0,0,0,0,0,0,0,0,0,0,0,0,0,0,0,0,0,0,0,0,0,0,0,0,0,0,0,0,0,0,0,0,0,0,0,0,0,0,0,0,0,0,0,0,0,0,0,0,3,0,0,0,0,0,0,0,0,0,0,0,0,0,0,0,0,0,0,0
"Amebiasis",0,0,0,0,0,0,0,0,0,0,0,0,0,0,0,0,0,0,0,0,0,0,0,0,0,0,0,0,0,0,0,0,0,0,0,0,0,0,0,0,0,0,0,0,0,0,0,0,0,0,0,0,0,0,0,0,0,0,0,0,0,0,0,0,0,0,0,4,0,0,0,0,0,0,0,0,0,0,0,0,0,0,0,0,0,0,0,0,0,0,0
"Cold",0,0,0,0,0,0,0,0,0,0,1,0,0,0,0,0,0,0,0,0,0,0,0,0,0,0,0,0,0,0,0,0,0,0,0,0,0,0,0,0,0,0,0,0,0,0,0,0,0,0,0,0,0,0,0,0,0,0,0,0,0,0,0,0,0,0,0,0,0,0,0,0,0,0,0,0,0,0,0,0,0,0,0,0,0,0,0,0,0,0,0
"Typhus",0,0,0,0,0,0,0,0,0,0,0,3,0,3,0,0,0,0,0,0,3,0,0,0,0,0,0,0,0,0,0,0,0,0,0,0,0,0,0,0,6,0,0,0,0,0,0,0,0,0,0,0,0,0,0,0,0,3,0,0,0,0,0,0,0,0,0,0,0,0,0,0,0,0,0,0,0,0,0,0,0,0,0,0,0,0,0,0,0,0,0
"Rickettsia",0,0,0,0,0,0,0,0,0,0,0,0,0,0,0,0,0,0,0,0,0,0,0,0,3,0,0,0,0,0,0,0,0,0,0,0,0,0,0,0,0,0,0,0,0,0,0,0,0,0,0,0,0,0,0,0,0,0,0,3,0,0,0,0,0,0,0,0,0,0,0,0,0,0,0,0,0,0,0,0,0,0,0,0,0,0,0,0,0,0,0
"Rubella",0,0,0,0,0,0,0,0,0,0,0,0,0,0,0,0,0,0,0,0,0,0,0,0,0,0,0,0,0,0,0,0,0,3,0,0,0,0,0,6,3,0,0,0,0,0,0,0,0,0,0,0,0,0,0,0,0,0,0,0,0,0,0,0,0,0,0,0,0,0,0,0,0,0,0,0,0,0,0,0,0,0,0,0,0,0,0,0,0,0,0
"Ross River Virus",0,0,0,0,0,0,0,0,0,0,0,0,0,0,0,0,0,0,0,0,0,0,0,0,0,0,0,0,0,0,0,0,0,0,0,0,0,0,0,0,0,0,0,0,0,0,0,0,0,0,0,0,0,0,0,0,0,3,0,0,0,0,0,0,0,0,0,0,0,0,0,0,0,0,0,0,0,0,0,0,0,0,0,0,0,0,0,0,0,0,0
"Filariasis",0,0,0,0,0,0,0,0,0,0,0,0,0,0,0,0,0,0,0,0,0,0,0,0,0,0,0,0,0,0,0,0,0,0,0,0,0,0,0,0,0,0,0,0,0,0,0,0,0,0,0,0,0,0,2,0,0,0,0,0,0,0,0,0,0,0,0,0,0,0,0,0,0,0,0,0,0,0,0,0,0,0,0,0,0,0,0,0,0,0,0
"Myiasis",0,0,0,0,0,0,0,0,0,0,0,0,0,0,0,0,0,0,1,3,0,0,0,0,0,0,0,0,0,0,0,0,0,0,0,0,0,0,0,0,0,0,0,0,0,0,0,0,0,0,0,0,0,0,0,0,0,0,0,0,0,0,0,0,0,0,0,0,0,0,0,0,0,0,0,0,0,0,0,0,0,0,0,0,0,0,0,0,0,0,0
"Enterococcus",0,0,0,0,0,0,0,0,0,0,0,0,0,0,0,0,0,0,0,0,0,0,0,0,0,0,0,0,3,0,0,0,0,0,0,0,0,0,0,0,0,0,0,0,0,0,0,0,0,0,0,0,0,3,0,0,0,0,0,0,0,0,0,0,0,0,0,0,0,0,0,0,0,0,0,0,0,0,0,0,0,0,0,0,0,0,0,0,0,0,0
"Sepsis",0,0,0,0,0,0,0,0,0,0,0,0,0,0,0,0,0,0,0,0,0,0,0,0,0,0,0,0,0,0,0,0,0,0,0,0,0,0,0,0,0,0,0,0,0,3,0,0,0,0,0,0,0,0,0,0,0,0,0,0,0,0,0,0,0,0,0,0,0,0,0,0,0,0,0,0,0,0,0,0,0,0,0,0,0,0,0,0,0,0,0
"Paralytic Shellfish Poisoning",0,0,0,0,0,0,0,0,0,0,0,0,0,0,0,0,0,0,0,0,0,0,0,0,0,0,0,0,0,0,0,0,0,0,0,0,2,0,0,0,0,0,2,0,2,0,0,0,0,0,0,0,0,0,0,0,0,0,0,0,0,0,0,0,0,0,0,0,0,0,0,0,0,0,0,0,0,0,0,0,0,0,0,0,0,0,0,0,0,0,0
"Rotavirus",0,0,0,0,0,0,0,0,0,0,0,0,0,0,0,0,0,0,0,2,0,0,0,0,0,0,0,0,0,0,0,0,0,0,0,5,0,0,0,0,0,0,0,0,0,0,0,0,0,0,0,0,0,0,0,0,0,0,0,0,0,0,0,0,0,0,0,0,0,0,0,0,0,0,0,0,0,0,0,0,0,0,0,0,0,0,0,0,0,0,0
"Scarlet Fever",0,0,0,0,0,0,0,0,0,0,0,0,0,0,0,0,0,0,0,0,0,0,0,0,0,0,0,0,0,0,0,0,0,3,0,0,0,0,0,0,0,0,0,0,0,0,0,0,0,0,0,0,0,0,0,0,0,0,0,0,0,0,0,0,0,0,0,0,0,0,0,0,0,0,0,0,0,0,0,0,0,0,0,0,0,0,0,0,0,0,0
"Bartonella",0,0,0,0,0,0,0,0,0,0,0,0,0,0,0,0,0,0,0,0,0,0,3,0,0,0,0,0,0,0,0,0,0,0,0,0,0,0,0,0,0,0,0,0,0,0,0,0,0,0,0,0,0,0,0,0,0,0,0,0,0,0,0,0,0,0,0,0,0,0,0,0,0,0,0,0,0,0,0,0,0,0,0,0,0,0,0,0,0,0,0
"La Crosse Encephalitis",0,0,0,0,0,0,0,0,0,0,0,0,0,0,3,0,0,0,0,0,0,0,0,0,0,0,0,0,0,0,0,0,0,0,0,0,0,0,0,0,0,0,0,0,0,0,0,0,0,0,0,0,0,0,0,0,0,0,0,0,0,0,0,0,0,0,0,0,0,0,0,0,0,0,0,0,0,0,0,0,0,0,0,0,0,0,0,0,0,0,0
"Acinetobacter baumannii",3,0,0,0,0,0,0,0,0,0,0,0,0,0,0,0,0,0,0,0,0,0,0,0,0,0,0,0,0,0,0,0,0,0,0,0,0,0,0,0,0,0,0,0,0,0,0,0,0,0,0,0,0,0,0,0,0,0,0,0,0,0,0,0,0,0,0,0,0,0,0,0,0,0,0,0,0,0,0,0,0,0,0,0,0,0,0,0,0,0,0